Track,Artist,Playcount,Listeners,Duration,Listeners_per_Play,Date,Minutes,Popularity_Score,Underrated_Score
tHe CuRe,Olivia Rodrigo,3550941,376178,297,9.439523310773092,2026-06-01,,,
Stateside + Zara Larsson,PinkPantheress,22087939,1298324,176,17.012655546689423,2026-06-01,,,
Earrings,Malcolm Todd,10997215,829153,0,13.263191473708712,2026-06-01,,,
drop dead,Olivia Rodrigo,9395870,644528,224,14.57790817466425,2026-06-01,,,
hate that i made you love me,Ariana Grande,2000056,223423,198,8.951880513644522,2026-06-01,,,
Billie Jean,Michael Jackson,27515283,3309215,294,8.314746246466306,2026-06-01,,,
Babydoll,Dominic Fike,26590607,1753308,98,15.165964565267483,2026-06-01,,,
Beauty and a Beat,Justin Bieber,17828611,1789992,144,9.960162391787224,2026-06-01,,,
Chicago,Michael Jackson,13136907,1181764,245,11.1163540266923,2026-06-01,,,
Beat It,Michael Jackson,20129518,2704741,258,7.442308893901487,2026-06-01,,,
Fame Is a Gun,Addison Rae,21624131,1090068,227,19.83741473009023,2026-06-01,,,
Girl Like Me,PinkPantheress,9732504,709439,156,13.718591732340624,2026-06-01,,,
Human Nature,Michael Jackson,8986632,1311104,246,6.854248023040125,2026-06-01,,,
Midnight Sun,Zara Larsson,13441936,804015,189,16.718513958072922,2026-06-01,,,
Don't Stop 'Til You Get Enough,Michael Jackson,8880575,1498508,238,5.926278004521831,2026-06-01,,,
SWIM,BTS,205891912,460344,159,447.25664285838417,2026-06-01,,,
Dracula - JENNIE remix,Tame Impala,5862097,712928,209,8.22256525203106,2026-06-01,,,
Manchild,Sabrina Carpenter,26508469,1298851,213,20.409168565139495,2026-06-01,,,
The Less I Know the Better,Tame Impala,49468356,2811899,216,17.59250812351368,2026-06-01,,,
Mr. Brightside,The Killers,51964584,3715674,223,13.985237671550305,2026-06-01,,,
Creep,Radiohead,61339221,4118656,235,14.893018742036237,2026-06-01,,,
Janice STFU,Drake,1845563,292888,237,6.301258501543252,2026-06-01,,,
505,Arctic Monkeys,58889550,3054084,305,19.28222995831156,2026-06-01,,,
The One That Got Away,Katy Perry,21156851,1915001,227,11.047958199499634,2026-06-01,,,
Dracula,Tame Impala,12294300,1157684,205,10.619737337649996,2026-06-01,,,
Body to Body,BTS,57739639,405632,189,142.3448815675292,2026-06-01,,,
Hooligan,BTS,55608311,381898,182,145.61037502160264,2026-06-01,,,
SS26,Charli xcx,761701,188825,167,4.0338991129352575,2026-06-01,,,
2.0,BTS,55042165,351714,169,156.49694069613378,2026-06-01,,,
Dreams - 2004 Remaster,Fleetwood Mac,29144127,2025450,257,14.388963933940603,2026-06-01,,,
End of Beginning,Djo,35478612,2055895,159,17.25701555770115,2026-06-01,,,
House Tour,Sabrina Carpenter,14081187,803489,214,17.525052614285947,2026-06-01,,,
See You Again (feat. Kali Uchis),"Tyler, The Creator",58374100,2586041,180,22.57276663440371,2026-06-01,,,
back to friends,sombr,25729354,1473828,144,17.45750114667383,2026-06-01,,,
FYA,BTS,53139296,357314,180,148.71876276888116,2026-06-01,,,
Iris,The Goo Goo Dolls,32128006,2352984,289,13.654154044396392,2026-06-01,,,
they don’t know ’bout us,BTS,50470779,323921,164,155.81200045690153,2026-06-01,,,
"Good Luck, Babe!",Chappell Roan,60720491,2102662,218,28.87791333081589,2026-06-01,,,
Lovers Rock,TV Girl,51054992,2205359,213,23.15042222150679,2026-06-01,,,
Sweet Boy,Malcolm Todd,10736425,761422,180,14.100492236893604,2026-06-01,,,
NATIONAL TREASURES,Drake,1343555,273333,208,4.9154511164038,2026-06-01,,,
"Lover, You Should've Come Over",Jeff Buckley,32641575,1667453,403,19.575709180408683,2026-06-01,,,
NOBLE,F3miii,2038597,282064,185,7.227427108741279,2026-06-01,,,
Let Down,Radiohead,41474578,2545220,337,16.295085690038583,2026-06-01,,,
Into You,Ariana Grande,27716936,1731466,244,16.007785310251545,2026-06-01,,,
Sweater Weather,The Neighbourhood,50826646,2999697,240,16.943926669926995,2026-06-01,,,
Pink + White,Frank Ocean,60012689,2464871,290,24.3471926117026,2026-06-01,,,
Like Animals,BTS,51722057,322300,189,160.47799255352157,2026-06-01,,,
Aliens,BTS,52948395,338863,167,156.25310228617465,2026-06-01,,,
NORMAL,BTS,53968486,324789,181,166.1647592744828,2026-06-01,,,
tHe CuRe,Olivia Rodrigo,3550941,376178,297,9.439523310773092,2026-06-01,4.95,1328606.9,105937.55289090976
Stateside + Zara Larsson,PinkPantheress,22087939,1298324,176,17.012655546689423,2026-06-01,2.933333333333333,7535208.5,58779.77116832856
Earrings,Malcolm Todd,10997215,829153,0,13.263191473708712,2026-06-01,0.0,3879571.6,75396.63451155588
drop dead,Olivia Rodrigo,9395870,644528,224,14.57790817466425,2026-06-01,3.7333333333333334,3269930.6,68596.9473822009
hate that i made you love me,Ariana Grande,2000056,223423,198,8.951880513644522,2026-06-01,3.3,756412.8999999999,111708.37216557936
Billie Jean,Michael Jackson,27515283,3309215,294,8.314746246466306,2026-06-01,4.9,10571035.4,120268.25237450765
Babydoll,Dominic Fike,26590607,1753308,98,15.165964565267483,2026-06-01,1.6333333333333333,9204497.7,65937.11832151857
Beauty and a Beat,Justin Bieber,17828611,1789992,144,9.960162391787224,2026-06-01,2.4,6601577.699999999,100399.96946481137
Chicago,Michael Jackson,13136907,1181764,245,11.1163540266923,2026-06-01,4.083333333333333,4768306.899999999,89957.55241321264
Beat It,Michael Jackson,20129518,2704741,258,7.442308893901487,2026-06-01,4.3,7932174.1,134366.90337046323
Fame Is a Gun,Addison Rae,21624131,1090068,227,19.83741473009023,2026-06-01,3.783333333333333,7250286.899999999,50409.79450226231
Girl Like Me,PinkPantheress,9732504,709439,156,13.718591732340624,2026-06-01,2.6,3416358.4999999995,72893.77944257716
Human Nature,Michael Jackson,8986632,1311104,246,6.854248023040125,2026-06-01,4.1,3613762.4,145894.9248172174
Midnight Sun,Zara Larsson,13441936,804015,189,16.718513958072922,2026-06-01,3.15,4595391.3,59813.928588858034
Don't Stop 'Til You Get Enough,Michael Jackson,8880575,1498508,238,5.926278004521831,2026-06-01,3.966666666666667,3713128.1,168739.97460750007
SWIM,BTS,205891912,460344,159,447.25664285838417,2026-06-01,2.65,62089814.39999999,2235.8527614236737
Dracula - JENNIE remix,Tame Impala,5862097,712928,209,8.22256525203106,2026-06-01,3.4833333333333334,2257678.6999999997,121616.54779850964
Manchild,Sabrina Carpenter,26508469,1298851,213,20.409168565139495,2026-06-01,3.55,8861736.399999999,48997.58639399356
The Less I Know the Better,Tame Impala,49468356,2811899,216,17.59250812351368,2026-06-01,3.6,16808836.099999998,56842.37818616814
Mr. Brightside,The Killers,51964584,3715674,223,13.985237671550305,2026-06-01,3.716666666666667,18190347.0,71503.96893391853
Creep,Radiohead,61339221,4118656,235,14.893018742036237,2026-06-01,3.9166666666666665,21284825.5,67145.55439169989
Janice STFU,Drake,1845563,292888,237,6.301258501543252,2026-06-01,3.95,758690.5,158698.45678527368
505,Arctic Monkeys,58889550,3054084,305,19.28222995831156,2026-06-01,5.083333333333333,19804723.8,51861.22155798439
The One That Got Away,Katy Perry,21156851,1915001,227,11.047958199499634,2026-06-01,3.783333333333333,7687556.0,90514.46266743571
Dracula,Tame Impala,12294300,1157684,205,10.619737337649996,2026-06-01,3.4166666666666665,4498668.8,94164.28751535264
Body to Body,BTS,57739639,405632,189,142.3448815675292,2026-06-01,3.15,17605834.099999998,7025.191134291643
Hooligan,BTS,55608311,381898,182,145.61037502160264,2026-06-01,3.033333333333333,16949821.9,6867.64250041689
SS26,Charli xcx,761701,188825,167,4.0338991129352575,2026-06-01,2.783333333333333,360687.8,247899.11001823551
2.0,BTS,55042165,351714,169,156.49694069613378,2026-06-01,2.816666666666667,16758849.3,6389.901269326888
Dreams - 2004 Remaster,Fleetwood Mac,29144127,2025450,257,14.388963933940603,2026-06-01,4.283333333333333,10161053.1,69497.70703373617
End of Beginning,Djo,35478612,2055895,159,17.25701555770115,2026-06-01,2.65,12082710.1,57947.4473240385
House Tour,Sabrina Carpenter,14081187,803489,214,17.525052614285947,2026-06-01,3.566666666666667,4786798.399999999,57061.16963008871
See You Again (feat. Kali Uchis),"Tyler, The Creator",58374100,2586041,180,22.57276663440371,2026-06-01,3.0,19322458.7,44301.171238614384
back to friends,sombr,25729354,1473828,144,17.45750114667383,2026-06-01,2.4,8750485.799999999,57281.96673729158
FYA,BTS,53139296,357314,180,148.71876276888116,2026-06-01,3.0,16191908.6,6724.101124711927
Iris,The Goo Goo Dolls,32128006,2352984,289,13.654154044396392,2026-06-01,4.816666666666666,11285490.599999998,73237.78512740567
they don’t know ’bout us,BTS,50470779,323921,164,155.81200045690153,2026-06-01,2.7333333333333334,15367978.4,6417.990893304817
"Good Luck, Babe!",Chappell Roan,60720491,2102662,218,28.87791333081589,2026-06-01,3.6333333333333337,19688010.7,34628.540800172384
Lovers Rock,TV Girl,51054992,2205359,213,23.15042222150679,2026-06-01,3.55,16860248.9,43195.756450221365
Sweet Boy,Malcolm Todd,10736425,761422,180,14.100492236893604,2026-06-01,3.0,3753922.9,70919.50998586587
NATIONAL TREASURES,Drake,1343555,273333,208,4.9154511164038,2026-06-01,3.466666666666667,594399.6,203440.1271254247
"Lover, You Should've Come Over",Jeff Buckley,32641575,1667453,403,19.575709180408683,2026-06-01,6.716666666666667,10959689.6,51083.71762085622
NOBLE,F3miii,2038597,282064,185,7.227427108741279,2026-06-01,3.0833333333333335,809023.8999999999,138361.82433310754
Let Down,Radiohead,41474578,2545220,337,16.295085690038583,2026-06-01,5.616666666666666,14224027.4,61368.19523516309
Into You,Ariana Grande,27716936,1731466,244,16.007785310251545,2026-06-01,4.066666666666666,9527107.0,62469.60342225417
Sweater Weather,The Neighbourhood,50826646,2999697,240,16.943926669926995,2026-06-01,4.0,17347781.7,59018.19687256168
Pink + White,Frank Ocean,60012689,2464871,290,24.3471926117026,2026-06-01,4.833333333333333,19729216.4,41072.497184720385
Like Animals,BTS,51722057,322300,189,160.47799255352157,2026-06-01,3.15,15742227.1,6231.384030221381
Aliens,BTS,52948395,338863,167,156.25310228617465,2026-06-01,2.783333333333333,16121722.6,6399.872932881157
NORMAL,BTS,53968486,324789,181,166.1647592744828,2026-06-01,3.0166666666666666,16417898.1,6018.123243257185
tHe CuRe,Olivia Rodrigo,3756385,392335,297,9.5744325640078,2026-06-02,4.95,1401550.0,104444.83193282904
Stateside + Zara Larsson,PinkPantheress,22151500,1300977,176,17.026819075202713,2026-06-02,2.933333333333333,7556133.9,58730.87601291109
Earrings,Malcolm Todd,11080739,834948,0,13.27117257601671,2026-06-02,0.0,3908685.3,75351.29200317776
hate that i made you love me,Ariana Grande,2539400,246225,198,10.313331302670322,2026-06-02,3.3,934177.5,96961.88075923448
drop dead,Olivia Rodrigo,9487586,647920,224,14.643144215335226,2026-06-02,3.7333333333333334,3299819.8,68291.3440784621
Billie Jean,Michael Jackson,27562714,3312672,294,8.320387288569469,2026-06-02,4.9,10587684.6,120186.71310815038
Babydoll,Dominic Fike,26634571,1755956,98,15.168131206021108,2026-06-02,1.6333333333333333,9219540.5,65927.69975532926
Chicago,Michael Jackson,13192309,1186354,245,11.12004427009139,2026-06-02,4.083333333333333,4788140.5,89927.6995406945
Beauty and a Beat,Justin Bieber,17863655,1792227,144,9.96729487949908,2026-06-02,2.4,6613655.4,100328.12433961582
Beat It,Michael Jackson,20169215,2708162,258,7.447565913708264,2026-06-02,4.3,7946477.9,134272.05768791694
Fame Is a Gun,Addison Rae,21655926,1091634,227,19.83808309378418,2026-06-02,3.783333333333333,7260921.6,50408.096148832425
Girl Like Me,PinkPantheress,9781468,712201,156,13.73413966001171,2026-06-02,2.6,3432981.0999999996,72811.2590052945
Human Nature,Michael Jackson,9028853,1315808,246,6.861831665410151,2026-06-02,4.1,3629721.5,145733.68289416164
SWIM,BTS,208219734,461508,159,451.17253438726954,2026-06-02,2.65,62788975.8,2216.446977115051
Midnight Sun,Zara Larsson,13473154,806028,189,16.715491273256017,2026-06-02,3.15,4606165.8,59824.74482218492
Don't Stop 'Til You Get Enough,Michael Jackson,8913726,1502370,238,5.933109686695022,2026-06-02,3.966666666666667,3725776.8,168545.67887772183
Dracula - JENNIE remix,Tame Impala,5896038,715914,209,8.23567914581919,2026-06-02,3.4833333333333334,2269951.1999999997,121422.8944928781
Manchild,Sabrina Carpenter,26541686,1299900,213,20.418252173244095,2026-06-02,3.55,8872435.8,48975.788501152485
Mr. Brightside,The Killers,51993318,3717130,223,13.987489810687276,2026-06-02,3.716666666666667,18199986.4,71492.4560113667
The Less I Know the Better,Tame Impala,49493501,2813032,216,17.594361173282067,2026-06-02,3.6,16817172.7,56836.39150926098
Creep,Radiohead,61368974,4119890,235,14.895779741692133,2026-06-02,3.9166666666666665,21294615.2,67133.10866171561
The One That Got Away,Katy Perry,21193886,1917702,227,11.05170980684173,2026-06-02,3.783333333333333,7700557.199999999,90483.73667764373
Dracula,Tame Impala,12325303,1159939,205,10.625819978464383,2026-06-02,3.4166666666666665,4509548.2,94110.38414228032
505,Arctic Monkeys,58916910,3055122,305,19.284634132450357,2026-06-02,5.083333333333333,19813658.4,51854.75613028585
Body to Body,BTS,58293815,406256,189,143.4903484502383,2026-06-02,3.15,17772523.7,6969.109844672201
Janice STFU,Drake,1911175,297302,237,6.42839604173534,2026-06-02,3.95,781463.9,155559.7995997227
Hooligan,BTS,56152016,382657,182,146.74242467797532,2026-06-02,3.033333333333333,17113464.7,6814.66182799207
2.0,BTS,55580900,352303,169,157.76448114265278,2026-06-02,2.816666666666667,16920882.1,6338.562347856908
Dreams - 2004 Remaster,Fleetwood Mac,29166081,2026574,257,14.391816435027788,2026-06-02,4.283333333333333,10168426.099999998,69483.93238021934
End of Beginning,Djo,35503730,2057135,159,17.258823558006647,2026-06-02,2.65,12091113.5,57941.37686378305
See You Again (feat. Kali Uchis),"Tyler, The Creator",58403436,2587116,180,22.574726452157535,2026-06-02,3.0,19332012.0,44297.32524641188
NOBLE,F3miii,2077100,289772,185,7.1680493629474205,2026-06-02,3.0833333333333335,825970.4,139507.96783977663
House Tour,Sabrina Carpenter,14109563,804456,169,17.53926007140229,2026-06-02,2.816666666666667,4795988.1,57014.94794700587
back to friends,sombr,25757581,1475203,144,17.460363760106237,2026-06-02,2.4,8759916.4,57272.57540216995
FYA,BTS,53655275,357784,180,149.96555184133445,2026-06-02,3.0,16347031.3,6668.198047629055
SS26,Charli xcx,791328,193423,167,4.091178401741262,2026-06-02,2.783333333333333,372794.5,244428.35335031743
Iris,The Goo Goo Dolls,32151616,2354349,289,13.65626591469659,2026-06-02,4.816666666666666,11293529.099999998,73226.45928590339
Lovers Rock,TV Girl,51080724,2206554,213,23.149546306140707,2026-06-02,3.55,16868805.0,43197.39085922118
"Good Luck, Babe!",Chappell Roan,60743065,2103305,218,28.879817715452585,2026-06-02,3.6333333333333337,19695233.0,34626.257334890826
they don’t know ’bout us,BTS,50963506,324425,164,157.08871387840026,2026-06-02,2.7333333333333334,15516149.3,6365.829697823379
Sweet Boy,Malcolm Todd,10767845,763352,180,14.106002211299636,2026-06-02,3.0,3764699.9,70891.8079708614
Let Down,Radiohead,41503096,2546616,337,16.29735146563125,2026-06-02,5.616666666666666,14233559.999999998,61359.66338511228
"Lover, You Should've Come Over",Jeff Buckley,32671294,1668596,403,19.58011046412673,2026-06-02,6.716666666666667,10969405.4,51072.23484934511
Into You,Ariana Grande,27738876,1732504,244,16.010858272188692,2026-06-02,4.066666666666666,9534415.6,62457.61363942793
Sweater Weather,The Neighbourhood,50848396,3000728,240,16.94535326094201,2026-06-02,4.0,17355028.4,59013.228263876794
NATIONAL TREASURES,Drake,1379219,276226,208,4.993081751898807,2026-06-02,3.466666666666667,607123.9,200277.11335183177
Like Animals,BTS,52224824,322734,189,161.8200251600389,2026-06-02,3.15,15893361.0,6179.704885171082
Aliens,BTS,53460113,339272,167,157.57301810936357,2026-06-02,2.783333333333333,16275524.3,6346.264176433746
Pink + White,Frank Ocean,60034849,2465740,290,24.347599098039534,2026-06-02,4.833333333333333,19736472.7,41071.81147403236
No One Noticed,The Marías,34374518,1616258,236,21.267964644258527,2026-06-02,3.933333333333333,11443736.0,47019.07383835898
tHe CuRe,Olivia Rodrigo,3987362,413046,297,9.653554325668328,2026-06-03,4.95,1485340.7999999998,103588.78877814456
Stateside + Zara Larsson,PinkPantheress,22224134,1303635,176,17.04781936661719,2026-06-03,2.933333333333333,7579784.7,58658.528606783955
hate that i made you love me,Ariana Grande,3066503,271707,197,11.286065504385238,2026-06-03,3.283333333333333,1110145.8,88604.83749730556
Earrings,Malcolm Todd,11170952,840944,0,13.283823893148652,2026-06-03,0.0,3939946.4,75279.52854868592
drop dead,Olivia Rodrigo,9590157,651684,224,14.715962030677446,2026-06-03,3.7333333333333334,3333225.9,67953.42349452674
Billie Jean,Michael Jackson,27613532,3315927,294,8.327545208323343,2026-06-03,4.9,10605208.5,120083.4069325141
Babydoll,Dominic Fike,26684342,1758666,99,15.173058443160896,2026-06-03,1.65,9236368.8,65906.29066289138
Chicago,Michael Jackson,13252549,1190927,245,11.127927236514076,2026-06-03,4.083333333333333,4809413.6,89863.99522084394
Beauty and a Beat,Justin Bieber,17899738,1794154,144,9.976700996681444,2026-06-03,2.4,6625829.199999999,100233.53414446623
Beat It,Michael Jackson,20211488,2711882,258,7.452937849065704,2026-06-03,4.3,7961763.799999999,134175.27695140507
Fame Is a Gun,Addison Rae,21691235,1093191,227,19.842127313525268,2026-06-03,3.783333333333333,7272604.2,50397.82197740239
Girl Like Me,PinkPantheress,9837091,715289,156,13.752610483315136,2026-06-03,2.6,3451829.5999999996,72713.46783312262
Human Nature,Michael Jackson,9073437,1320338,246,6.872056246203623,2026-06-03,4.1,3646267.7,145516.85320568155
SWIM,BTS,210844040,462653,159,455.72824557497734,2026-06-03,2.65,63577069.1,2194.290149249654
Dracula - JENNIE remix,Tame Impala,5932311,718947,209,8.251388488998494,2026-06-03,3.4833333333333334,2282956.2,121191.72443926152
Midnight Sun,Zara Larsson,13507333,807902,189,16.719024089555415,2026-06-03,3.15,4617731.3,59812.103544052705
Don't Stop 'Til You Get Enough,Michael Jackson,8948946,1506226,238,5.941303629070273,2026-06-03,3.966666666666667,3739042.0,168313.2292897957
Mr. Brightside,The Killers,52025046,3718457,223,13.991030688266664,2026-06-03,3.716666666666667,18210433.7,71474.36255991009
Creep,Radiohead,61402117,4121209,235,14.89905437943089,2026-06-03,3.9166666666666665,21305481.4,67118.35359031676
Manchild,Sabrina Carpenter,26576599,1300838,213,20.430367962805516,2026-06-03,3.55,8883566.299999999,48946.74446493323
The One That Got Away,Katy Perry,21232191,1920120,227,11.057741703643522,2026-06-03,3.783333333333333,7713741.3,90434.37862818774
The Less I Know the Better,Tame Impala,49523964,2814105,216,17.598477668743705,2026-06-03,3.6,16827062.7,56823.09679410962
Body to Body,BTS,58952577,406888,189,144.88649702129334,2026-06-03,3.15,17970594.7,6901.95443025332
Dracula,Tame Impala,12359977,1162290,205,10.63415928898984,2026-06-03,3.4166666666666665,4521596.1,94036.58275415884
505,Arctic Monkeys,58946771,3056224,305,19.287451116148553,2026-06-03,5.083333333333333,19823388.1,51847.18260479441
Janice STFU,Drake,1983860,301721,237,6.575147238674139,2026-06-03,3.95,806362.7,152087.8489409535
Hooligan,BTS,56798680,383481,182,148.11341370237378,2026-06-03,3.033333333333333,17308040.7,6751.582959322294
2.0,BTS,56219622,353008,169,159.25877600507638,2026-06-03,2.816666666666667,17112992.2,6279.088820625653
NOBLE,F3miii,2119335,297817,185,7.116232451471877,2026-06-03,3.0833333333333335,844272.4,140523.7963795247
End of Beginning,Djo,35531505,2058493,159,17.260930690558578,2026-06-03,2.65,12100396.6,57934.303655305346
Dreams - 2004 Remaster,Fleetwood Mac,29189372,2027678,257,14.395467130382634,2026-06-03,4.283333333333333,10176186.2,69466.31123136188
See You Again (feat. Kali Uchis),"Tyler, The Creator",58434427,2588258,180,22.57673964496584,2026-06-03,3.0,19342108.7,44293.375204996875
back to friends,sombr,25789485,1476561,144,17.465912346323652,2026-06-03,2.4,8770438.2,57254.381000628746
House Tour,Sabrina Carpenter,14140394,805397,169,17.55704826315469,2026-06-03,2.816666666666667,4805896.1,56957.182381198145
Iris,The Goo Goo Dolls,32178203,2355798,289,13.659152015580284,2026-06-03,4.816666666666666,11302519.5,73210.98695287615
FYA,BTS,54270917,358325,180,151.45724412195634,2026-06-03,3.0,16532102.6,6602.523410466788
"Good Luck, Babe!",Chappell Roan,60770290,2104057,218,28.88243521919796,2026-06-03,3.6333333333333337,19703926.9,34623.11929069287
Lovers Rock,TV Girl,51108330,2207680,213,23.150243694738368,2026-06-03,3.55,16877875.0,43196.08956113416
Sweet Boy,Malcolm Todd,10800589,765332,180,14.112292443018193,2026-06-03,3.0,3775909.1,70860.2095682004
they don’t know ’bout us,BTS,51552080,324973,164,158.63496352004628,2026-06-03,2.7333333333333334,15693105.1,6303.780565207068
Let Down,Radiohead,41536569,2548107,337,16.300951647634893,2026-06-03,5.616666666666666,14244645.6,61346.111663676405
"Lover, You Should've Come Over",Jeff Buckley,32704264,1669773,403,19.58605391271748,2026-06-03,6.716666666666667,10980120.3,51056.73682184073
SS26,Charli xcx,842770,200596,167,4.201330036491256,2026-06-03,2.783333333333333,393248.1999999999,238019.86307058865
Into You,Ariana Grande,27762192,1733522,244,16.01490606983932,2026-06-03,4.066666666666666,9542123.0,62441.82736002978
Sweater Weather,The Neighbourhood,50872427,3001836,240,16.9471040389948,2026-06-03,4.0,17363013.3,59007.13170220874
Like Animals,BTS,52831584,323222,189,163.45293327805658,2026-06-03,3.15,16075730.6,6117.969129981036
Aliens,BTS,54074091,339704,167,159.18002437416104,2026-06-03,2.783333333333333,16460020.1,6282.195293860788
Pink + White,Frank Ocean,60058721,2466576,290,24.349025126328968,2026-06-03,4.833333333333333,19744219.5,41069.406056782325
No One Noticed,The Marías,34405569,1617405,236,21.27208027673959,2026-06-03,3.933333333333333,11453854.2,47009.97678602554
Flashing Lights,Kanye West,37927459,2247154,237,16.87799723561447,2026-06-03,3.95,12951245.5,59248.73585652021
the cure,Olivia Rodrigo,4403694,442876,297,9.943401764828078,2026-06-05,4.95,1631121.4,100569.2039455966
hate that i made you love me,Ariana Grande,4018748,325330,198,12.352835582331789,2026-06-05,3.3,1433355.4,80953.07294709695
Stateside + Zara Larsson,PinkPantheress,22364600,1308711,176,17.089028823017458,2026-06-05,2.933333333333333,7625477.7,58517.07609346914
Earrings,Malcolm Todd,11350078,854048,0,13.289742496908838,2026-06-05,0.0,4002857.0,75246.002714695
drop dead,Olivia Rodrigo,9779398,658314,224,14.855218026655972,2026-06-05,3.7333333333333334,3394639.1999999997,67316.41354610989
Billie Jean,Michael Jackson,27711501,3321976,294,8.341872728761436,2026-06-05,4.9,10638833.5,119877.15858480564
Babydoll,Dominic Fike,26784081,1764127,98,15.18262630751641,2026-06-05,1.6333333333333333,9270113.2,65864.75750278682
Chicago,Michael Jackson,13373363,1200077,245,11.143754109111333,2026-06-05,4.083333333333333,4852062.8,89736.36623787151
Beauty and a Beat,Justin Bieber,17970491,1797993,144,9.99475025764839,2026-06-05,2.4,6649742.399999999,100052.52499778663
Beat It,Michael Jackson,20293715,2718393,258,7.4653352182705,2026-06-05,4.3,7990989.6,133952.45769441425
Fame Is a Gun,Addison Rae,21760037,1095664,227,19.86013686677668,2026-06-05,3.783333333333333,7294975.899999999,50352.12026523668
Girl Like Me,PinkPantheress,9948329,721398,145,13.790347353333388,2026-06-05,2.4166666666666665,3489477.3,72514.48961931195
Human Nature,Michael Jackson,9157720,1328543,246,6.893055023435448,2026-06-05,4.1,3677296.1,145073.55542645985
SWIM,BTS,216186057,464853,159,465.0632716148976,2026-06-05,2.65,65181214.2,2150.245054888068
Dracula - JENNIE remix,Tame Impala,6006117,724691,209,8.287831641347829,2026-06-05,3.4833333333333334,2309118.8,120658.82166464622
Creep,Radiohead,61468556,4123595,235,14.90654538091156,2026-06-05,3.9166666666666665,21327083.3,67084.62453551048
Mr. Brightside,The Killers,52087808,3721186,223,13.997636237479126,2026-06-05,3.716666666666667,18231172.6,71440.63347799162
NOBLE,F3miii,2201903,312258,185,7.051550320568248,2026-06-05,3.0833333333333335,879151.5,141812.7864851449
Midnight Sun,Zara Larsson,13574734,811503,189,16.727891332502775,2026-06-05,3.15,4640472.3,59780.39790687612
Don't Stop 'Til You Get Enough,Michael Jackson,9015740,1512929,238,5.959129608858049,2026-06-05,3.966666666666667,3763772.3,167809.74162963883
Dracula,Tame Impala,12434049,1167792,205,10.647486024908543,2026-06-05,3.4166666666666665,4547669.1,93918.88354308398
Manchild,Sabrina Carpenter,26649059,1302833,213,20.454700640834243,2026-06-05,3.55,8906700.799999999,48888.517977313946
Body to Body,BTS,60296330,408131,189,147.73768716417032,2026-06-05,3.15,18374590.7,6768.753587490317
The One That Got Away,Katy Perry,21306897,1924606,227,11.070783838354448,2026-06-05,3.783333333333333,7739293.3,90327.84079258468
The Less I Know the Better,Tame Impala,49580666,2816431,216,17.604076222708812,2026-06-05,3.6,16845701.5,56805.02557186303
505,Arctic Monkeys,59008430,3058678,305,19.29213536044003,2026-06-05,5.083333333333333,19843603.6,51834.59380295323
Hooligan,BTS,58115120,385029,182,150.93699435626928,2026-06-05,3.033333333333333,17704056.3,6625.280993999496
Janice STFU,Drake,2121309,309872,237,6.845758893994939,2026-06-05,3.95,853303.1,146075.84279329414
End of Beginning,Djo,35588266,2061301,159,17.26495354147696,2026-06-05,2.65,12119390.499999998,57920.80457080994
2.0,BTS,57515812,354417,169,162.28288146448958,2026-06-05,2.816666666666667,17502835.499999996,6162.07939479321
See You Again (feat. Kali Uchis),"Tyler, The Creator",58498127,2590390,180,22.582748929697846,2026-06-05,3.0,19362711.1,44281.588707959825
back to friends,sombr,25856429,1479851,144,17.472319172673465,2026-06-05,2.4,8792824.399999999,57233.38671399674
"Good Luck, Babe!",Chappell Roan,60826411,2105619,218,28.88766248784799,2026-06-05,3.6333333333333337,19721856.6,34616.85418197697
Lovers Rock,TV Girl,51164441,2210027,213,23.151047928373725,2026-06-05,3.55,16896351.2,43194.58899199153
Iris,The Goo Goo Dolls,32229688,2358378,289,13.666039964755438,2026-06-05,4.816666666666666,11319771.0,73174.08719563155
Dreams - 2004 Remaster,Fleetwood Mac,29235092,2030059,257,14.40110459843778,2026-06-05,4.283333333333333,10191568.9,69439.11789297602
House Tour,Sabrina Carpenter,14204738,807634,169,17.58808816865065,2026-06-05,2.816666666666667,4826765.199999999,56856.6628965631
FYA,BTS,55528507,359383,180,154.51066689298048,2026-06-05,3.0,16910120.2,6472.04507047164
Sweet Boy,Malcolm Todd,10868187,769172,180,14.129722610807466,2026-06-05,3.0,3798876.5,70772.79770765814
Let Down,Radiohead,41601222,2550864,337,16.308678941723276,2026-06-05,5.616666666666666,14265971.4,61317.04496565029
they don’t know ’bout us,BTS,52756761,326092,164,161.78489812690896,2026-06-05,2.7333333333333334,16055292.7,6181.046634003934
"Lover, You Should've Come Over",Jeff Buckley,32769703,1672083,403,19.598131791304617,2026-06-05,6.716666666666667,11001369.0,51025.271727363535
Into You,Ariana Grande,27812945,1735740,244,16.023681542166454,2026-06-05,4.066666666666666,9558901.5,62407.63069139208
No One Noticed,The Marías,34472112,1620005,236,21.279015805506777,2026-06-05,3.933333333333333,11475637.1,46994.65469362597
Sweater Weather,The Neighbourhood,50924583,3004302,240,16.950553905699227,2026-06-05,4.0,17380386.299999997,58995.12225755486
Flashing Lights,Kanye West,37977932,2249429,237,16.8833655118699,2026-06-05,3.95,12967979.9,59229.89698333232
Feel Good Inc.,Gorillaz,40654275,3293596,236,12.343431009753472,2026-06-05,3.933333333333333,14501799.7,81014.75183114198
Like Animals,BTS,54058932,324181,189,166.75539899007038,2026-06-05,3.15,16444606.3,5996.807336112375
Aliens,BTS,55325108,340620,167,162.424719628912,2026-06-05,2.783333333333333,16835966.4,6156.698329445648
Pink + White,Frank Ocean,60107531,2468343,290,24.351368914287843,2026-06-05,4.833333333333333,19760099.4,41065.45317923639
hate that i made you love me,Ariana Grande,4429486,347672,197,12.7404162544007,2026-06-06,3.283333333333333,1572216.2,78490.3711175518
the cure,Olivia Rodrigo,4583592,453821,297,10.099999779648805,2026-06-06,4.95,1692752.2999999998,99009.90315019312
Stateside + Zara Larsson,PinkPantheress,22431197,1311180,176,17.107641208682256,2026-06-06,2.933333333333333,7647185.1,58453.41200471825
Earrings,Malcolm Todd,11435382,860458,0,13.289878181154688,2026-06-06,0.0,4032935.2,75245.23448364034
drop dead,Olivia Rodrigo,9864946,661332,224,14.91678309835302,2026-06-06,3.7333333333333334,3422416.1999999997,67038.5828771896
Billie Jean,Michael Jackson,27758229,3325126,294,8.348023202729761,2026-06-06,4.9,10655056.9,119788.83811355544
Babydoll,Dominic Fike,26829198,1766783,99,15.185338550348288,2026-06-06,1.65,9285507.5,65852.99344393374
Chicago,Michael Jackson,13432243,1204435,245,11.1523187220564,2026-06-06,4.083333333333333,4872777.4,89667.45166834757
Beauty and a Beat,Justin Bieber,18007717,1800155,144,10.00342581611028,2026-06-06,2.4,6662423.6,99965.753571094
Beat It,Michael Jackson,20333694,2721636,258,7.471129129685234,2026-06-06,4.3,8005253.4,133848.57665311574
Girl Like Me,PinkPantheress,9999152,724059,145,13.809858036430732,2026-06-06,2.4166666666666665,3506586.9,72412.04054103787
Fame Is a Gun,Addison Rae,21793231,1096808,227,19.869686399078052,2026-06-06,3.783333333333333,7305734.899999999,50327.92062819873
NOBLE,F3miii,2240333,318537,185,7.033195515748563,2026-06-06,3.0833333333333335,895075.8,142182.8808485167
SWIM,BTS,218819651,465886,159,469.68496799646266,2026-06-06,2.65,65972015.5,2129.0866605029
Human Nature,Michael Jackson,9199245,1332324,246,6.90466057805759,2026-06-06,4.1,3692400.3,144829.71156872113
Dracula - JENNIE remix,Tame Impala,6041694,727383,209,8.306069842160182,2026-06-06,3.4833333333333334,2321676.3,120393.88290767458
Mr. Brightside,The Killers,52118317,3722594,223,14.000537528400894,2026-06-06,3.716666666666667,18241310.9,71425.82904202375
Creep,Radiohead,61499739,4124911,235,14.90934931687011,2026-06-06,3.9166666666666665,21337359.4,67072.00822429507
Dracula,Tame Impala,12469356,1170562,205,10.65245241174752,2026-06-06,3.4166666666666665,4560200.199999999,93875.0966770056
Don't Stop 'Til You Get Enough,Michael Jackson,9048717,1516318,238,5.967558915741948,2026-06-06,3.966666666666667,3776037.7,167572.7067163223
Manchild,Sabrina Carpenter,26685068,1303809,213,20.46700705394732,2026-06-06,3.55,8918186.7,48859.122262682635
Midnight Sun,Zara Larsson,13608006,813278,189,16.73229326257442,2026-06-06,3.15,4651696.399999999,59764.67088565364
Body to Body,BTS,60954068,408687,189,149.1460897948797,2026-06-06,3.15,18572301.299999997,6704.835516474471
The Less I Know the Better,Tame Impala,49608236,2817556,216,17.606832304309126,2026-06-06,3.6,16854760.0,56796.1336097498
Hooligan,BTS,58764650,385796,182,152.32052691059525,2026-06-06,3.033333333333333,17899452.2,6565.103340188362
The One That Got Away,Katy Perry,21344161,1926698,227,11.078104093116824,2026-06-06,3.783333333333333,7751936.899999999,90268.15343081416
505,Arctic Monkeys,59038775,3059931,305,19.294152384481873,2026-06-06,5.083333333333333,19853584.2,51829.17497864751
End of Beginning,Djo,35615981,2062815,159,17.265717478300285,2026-06-06,2.65,12128764.8,57918.24181397671
2.0,BTS,58161719,355030,169,163.82198405768526,2026-06-06,2.816666666666667,17697036.7,6104.1868449589665
Janice STFU,Drake,2184934,313582,237,6.967663960303844,2026-06-06,3.95,874987.6,143520.12463534367
See You Again (feat. Kali Uchis),"Tyler, The Creator",58529351,2591486,180,22.58524684293105,2026-06-06,3.0,19372845.5,44276.69119379095
"Good Luck, Babe!",Chappell Roan,60853909,2106402,218,28.889978741000057,2026-06-06,3.6333333333333337,19730654.1,34614.07877676354
back to friends,sombr,25888738,1481641,144,17.473016742922205,2026-06-06,2.4,8803770.1,57231.101801872304
Lovers Rock,TV Girl,51192736,2211139,213,23.152201648109862,2026-06-06,3.55,16905618.099999998,43192.436520681375
Sweet Boy,Malcolm Todd,10902630,771002,180,14.14085825977105,2026-06-06,3.0,3810490.4,70717.06551538482
Dreams - 2004 Remaster,Fleetwood Mac,29258217,2031276,257,14.40386092288788,2026-06-06,4.283333333333333,10199358.3,69425.83001554743
House Tour,Sabrina Carpenter,14236482,808789,169,17.60222010932394,2026-06-06,2.816666666666667,4837096.899999999,56811.01553038173
Iris,The Goo Goo Dolls,32254088,2359629,289,13.66913527507926,2026-06-06,4.816666666666666,11327966.7,73157.51727346933
FYA,BTS,56148616,359884,180,156.0186504540352,2026-06-06,3.0,17096503.6,6409.490128839507
Let Down,Radiohead,41631626,2552090,337,16.312757778918456,2026-06-06,5.616666666666666,14275950.8,61301.71326961863
they don’t know ’bout us,BTS,53352052,326607,164,163.35244498740076,2026-06-06,2.7333333333333334,16234240.5,6121.732674874436
Lemonade,aespa,1446128,125489,187,11.523942337575406,2026-06-06,3.1166666666666667,521680.6999999999,86775.85939833817
"Lover, You Should've Come Over",Jeff Buckley,32799932,1673172,403,19.603443041121892,2026-06-06,6.716666666666667,11011200.0,51011.447218853995
No One Noticed,The Marías,34504653,1621424,236,21.280462729057916,2026-06-06,3.933333333333333,11486392.7,46991.45938375326
Into You,Ariana Grande,27838360,1736957,244,16.027086450614494,2026-06-06,4.066666666666666,9567377.9,62394.37236963672
Flashing Lights,Kanye West,38001878,2250560,237,16.885520937011233,2026-06-06,3.95,12975955.4,59222.33632769412
Sweater Weather,The Neighbourhood,50949632,3005487,240,16.95220508356882,2026-06-06,4.0,17388730.5,58989.37601747546
Feel Good Inc.,Gorillaz,40677004,3294940,236,12.345294299744456,2026-06-06,3.933333333333333,14509559.2,81002.52417803436
Roommates,Malcolm Todd,10974015,791036,214,13.872965326483245,2026-06-06,3.566666666666667,3845929.7,72082.64249684368
Like Animals,BTS,54668730,324617,189,168.40994156190217,2026-06-06,3.15,16627850.9,5937.891734452218
hate that i made you love me,Ariana Grande,4799910,369063,197,13.005665699352145,2026-06-07,3.283333333333333,1698317.1,76889.56667937525
the cure,Olivia Rodrigo,4757360,465647,297,10.21666627294925,2026-06-07,4.95,1753160.9,97879.28599054935
Stateside + Zara Larsson,PinkPantheress,22497749,1313809,176,17.124063695712238,2026-06-07,2.933333333333333,7668991.0,58397.35344189323
Earrings,Malcolm Todd,11522589,867161,0,13.28771589128201,2026-06-07,0.0,4063789.399999999,75257.47902663195
drop dead,Olivia Rodrigo,9951994,664481,224,14.977093400714242,2026-06-07,3.7333333333333334,3450734.899999999,66768.62948269463
Billie Jean,Michael Jackson,27805289,3328435,294,8.353862701239471,2026-06-07,4.9,10671491.2,119705.10358658744
Babydoll,Dominic Fike,26876018,1769732,98,15.18649038385473,2026-06-07,1.6333333333333333,9301617.8,65847.99876231664
Chicago,Michael Jackson,13491866,1208795,245,11.16141777555334,2026-06-07,4.083333333333333,4893716.3,89594.3526269828
Beauty and a Beat,Justin Bieber,18045135,1802495,144,10.011198366708369,2026-06-07,2.4,6675287.0,99888.141596059
Beat It,Michael Jackson,20373736,2724962,258,7.476704629275564,2026-06-07,4.3,8019594.199999999,133748.76360427955
Girl Like Me,PinkPantheress,10050285,726837,145,13.827426231741091,2026-06-07,2.4166666666666665,3523871.4,72320.03868547012
Fame Is a Gun,Addison Rae,21825749,1097905,227,19.87945131864779,2026-06-07,3.783333333333333,7316258.2,50303.19921666835
NOBLE,F3miii,2280823,325701,185,7.002812395417883,2026-06-07,3.0833333333333335,912237.6,142799.77008299198
Dracula - JENNIE remix,Tame Impala,6078548,730524,209,8.320805339728743,2026-06-07,3.4833333333333334,2334931.1999999997,120180.67472692492
SWIM,BTS,221434495,467001,159,474.16278551866054,2026-06-07,2.65,66757249.2,2108.9803555674557
Mr. Brightside,The Killers,52149114,3723996,223,14.003536523669736,2026-06-07,3.716666666666667,18251531.4,71410.53249725394
Human Nature,Michael Jackson,9238603,1336210,246,6.914035219014975,2026-06-07,4.1,3706927.9,144633.3390448751
Dracula,Tame Impala,12504745,1173322,205,10.657556067302922,2026-06-07,3.4166666666666665,4572748.9,93830.14207806718
Creep,Radiohead,61530314,4126119,235,14.912394431668112,2026-06-07,3.9166666666666665,21347377.5,67058.31210287665
Manchild,Sabrina Carpenter,26723494,1304931,213,20.478855970162407,2026-06-07,3.55,8930499.899999999,48830.852732056665
Midnight Sun,Zara Larsson,13643303,815293,189,16.734232969006236,2026-06-07,3.15,4663696.0,59757.74341447962
Don't Stop 'Til You Get Enough,Michael Jackson,9081653,1519745,238,5.975774225281215,2026-06-07,3.966666666666667,3788317.4,167342.33294313273
Body to Body,BTS,61607494,409324,189,150.5103389979576,2026-06-07,3.15,18768775.0,6644.06184091825
The Less I Know the Better,Tame Impala,49636536,2818768,216,17.609301652353086,2026-06-07,3.6,16864098.4,56788.16910188898
505,Arctic Monkeys,59067916,3061219,305,19.295553830026535,2026-06-07,5.083333333333333,19863228.1,51825.41060023178
Hooligan,BTS,59407852,386576,182,153.67703116592855,2026-06-07,3.033333333333333,18092958.799999997,6507.15329684029
"I Knew It, I Knew You",Taylor Swift,829175,139643,178,5.937820012460345,2026-06-07,2.966666666666667,346502.6,168411.9757590376
End of Beginning,Djo,35644564,2064427,159,17.266081096594842,2026-06-07,2.65,12138468.1,57917.0220738287
The One That Got Away,Katy Perry,21381203,1928875,227,11.08480487330698,2026-06-07,3.783333333333333,7764573.399999999,90213.5862046677
2.0,BTS,58799556,355690,169,165.31124293626473,2026-06-07,2.816666666666667,17888849.8,6049.195337461391
See You Again (feat. Kali Uchis),"Tyler, The Creator",58560800,2592589,180,22.587768443050557,2026-06-07,3.0,19383052.3,44271.74833677135
"Good Luck, Babe!",Chappell Roan,60882872,2107220,218,28.89250861324399,2026-06-07,3.6333333333333337,19739915.6,34611.04791508521
Janice STFU,Drake,2248068,317424,237,7.0822244064721005,2026-06-07,3.95,896617.2,141198.5758437912
Lemonade,aespa,1570734,133150,187,11.796725497559144,2026-06-07,3.1166666666666667,564425.2,84769.28620632137
back to friends,sombr,25921865,1483492,144,17.47354552636617,2026-06-07,2.4,8815003.9,57229.3698775146
Sweet Boy,Malcolm Todd,10936992,773174,180,14.145576545512396,2026-06-07,3.0,3822319.4,70693.47769478116
Lovers Rock,TV Girl,51219613,2212228,213,23.152953945072568,2026-06-07,3.55,16914443.5,43191.03309117154
Dreams - 2004 Remaster,Fleetwood Mac,29280903,2032513,257,14.40625619614733,2026-06-07,4.283333333333333,10207030.0,69414.28684764264
House Tour,Sabrina Carpenter,14267090,809862,169,17.61669272048818,2026-06-07,2.816666666666667,4847030.4,56764.343674848904
Iris,The Goo Goo Dolls,32278329,2360947,289,13.671771962691242,2026-06-07,4.816666666666666,11336161.6,73143.40838399658
FYA,BTS,56764722,360420,180,157.49603795571832,2026-06-07,3.0,17281710.599999998,6349.366072822483
No One Noticed,The Marías,34536258,1622739,236,21.28269425952048,2026-06-07,3.933333333333333,11496794.7,46986.532240985696
Let Down,Radiohead,41661003,2553259,337,16.316794731752633,2026-06-07,5.616666666666666,14285582.2,61286.546557700494
they don’t know ’bout us,BTS,53940728,327146,164,164.88273737108202,2026-06-07,2.7333333333333334,16411220.599999998,6064.916291081574
Into You,Ariana Grande,27863669,1738217,244,16.030029047006213,2026-06-07,4.066666666666666,9575852.6,62382.91877498257
Flashing Lights,Kanye West,38026482,2251715,237,16.887786420572763,2026-06-07,3.95,12984145.1,59214.39169681803
"Lover, You Should've Come Over",Jeff Buckley,32829968,1674219,403,19.60912401543645,2026-06-07,6.716666666666667,11020943.7,50996.66865346929
Roommates,Malcolm Todd,11007912,793084,214,13.879881576226476,2026-06-07,3.566666666666667,3857532.4,72046.72421073134
Feel Good Inc.,Gorillaz,40699509,3296252,236,12.347207980457805,2026-06-07,3.933333333333333,14517229.1,80989.96968243524
Sweater Weather,The Neighbourhood,50973605,3006695,240,16.95336740174843,2026-06-07,4.0,17396768.0,58985.33172217268
the cure,Olivia Rodrigo,5064381,483947,297,10.464743040043642,2026-06-09,4.95,1858077.2,95558.96367196702
hate that i made you love me,Ariana Grande,5359309,398610,197,13.444993853641405,2026-06-09,3.283333333333333,1886819.7,74377.12585708343
Stateside + Zara Larsson,PinkPantheress,22616441,1318588,176,17.152014882586524,2026-06-09,2.933333333333333,7707943.899999999,58302.18821785443
Earrings,Malcolm Todd,11687790,879275,0,13.292530778197948,2026-06-09,0.0,4121829.5,75230.21888654742
drop dead,Olivia Rodrigo,10107048,670385,224,15.076482916533037,2026-06-09,3.7333333333333334,3501383.9,66328.46702617817
Babydoll,Dominic Fike,26963215,1774764,99,15.192563630995444,2026-06-09,1.65,9331299.3,65821.67593886708
Billie Jean,Michael Jackson,27892331,3334607,294,8.364503223318371,2026-06-09,4.9,10701924.2,119552.82618724124
Chicago,Michael Jackson,13602676,1217235,245,11.175061512362031,2026-06-09,4.083333333333333,4932867.3,89484.96604638675
"I Knew It, I Knew You",Taylor Swift,1396995,174970,183,7.984197290964166,2026-06-09,3.05,541577.5,125247.40603939167
Beauty and a Beat,Justin Bieber,18115801,1807329,144,10.023521450715393,2026-06-09,2.4,6699870.6,99765.337453199
Beat It,Michael Jackson,20446588,2731373,258,7.485827823589089,2026-06-09,4.3,8045937.499999999,133585.76012780223
Girl Like Me,PinkPantheress,10142975,732019,156,13.856163569524837,2026-06-09,2.6,3555305.8,72170.04872830703
Fame Is a Gun,Addison Rae,21890320,1100142,227,19.897722294031137,2026-06-09,3.783333333333333,7337195.4,50257.00857730723
Mr. Brightside,The Killers,52207618,3726974,223,14.008044595964448,2026-06-09,3.716666666666667,18271167.2,71387.55114244056
NOBLE,F3miii,2351437,336091,185,6.99642953842858,2026-06-09,3.0833333333333335,940694.8,142930.04660554376
SWIM,BTS,226426323,469029,159,482.7554863345337,2026-06-09,2.65,68256217.19999999,2071.442020458019
Dracula,Tame Impala,12567795,1178197,205,10.666972501203109,2026-06-09,3.4166666666666665,4595076.4,93747.3120782126
Dracula - JENNIE remix,Tame Impala,6141315,735845,209,8.345935625029728,2026-06-09,3.4833333333333334,2357486.0,119818.80102225662
Creep,Radiohead,61588762,4128393,235,14.918337958619734,2026-06-09,3.9166666666666665,21366503.699999996,67031.59579664875
Human Nature,Michael Jackson,9312080,1343936,246,6.928960902900138,2026-06-09,4.1,3734379.2,144321.7841771119
Midnight Sun,Zara Larsson,13702659,818859,189,16.73384428821079,2026-06-09,3.15,4683999.0,59759.13142113513
The Less I Know the Better,Tame Impala,49689249,2821185,216,17.61289989844693,2026-06-09,3.6,16881604.2,56776.56750255976
Manchild,Sabrina Carpenter,26790355,1306901,213,20.499146454092543,2026-06-09,3.55,8951937.2,48782.51893265319
505,Arctic Monkeys,59123254,3063558,305,19.298885152492623,2026-06-09,5.083333333333333,19881466.8,51816.46463504867
Don't Stop 'Til You Get Enough,Michael Jackson,9141520,1526367,238,5.989070780487261,2026-06-09,3.966666666666667,3810912.9,166970.810105978
Body to Body,BTS,62866726,410415,189,153.17843158753945,2026-06-09,3.15,19147308.3,6528.334241550928
End of Beginning,Djo,35694874,2067356,159,17.265954194633146,2026-06-09,2.65,12155611.4,57917.44775454314
Hooligan,BTS,60656635,387860,182,156.3879621512917,2026-06-09,3.033333333333333,18468492.5,6394.3540554137235
"Good Luck, Babe!",Chappell Roan,60934513,2108815,218,28.89514395525449,2026-06-09,3.6333333333333337,19756524.4,34607.89126188635
See You Again (feat. Kali Uchis),"Tyler, The Creator",58617134,2594615,180,22.591842720403605,2026-06-09,3.0,19401370.7,44263.76424340364
back to friends,sombr,25981735,1486739,144,17.475653090421385,2026-06-09,2.4,8835237.8,57222.46801454945
The One That Got Away,Katy Perry,21448844,1933131,227,11.095390845214318,2026-06-09,3.783333333333333,7787844.9,90127.51456442128
2.0,BTS,60020715,356849,169,168.19639399297742,2026-06-09,2.816666666666667,18256008.8,5945.4306733933445
Sweet Boy,Malcolm Todd,10997776,777067,180,14.152931471803589,2026-06-09,3.0,3843279.7,70656.74005362538
Lovers Rock,TV Girl,51272798,2214506,213,23.153153795925594,2026-06-09,3.55,16931993.599999998,43190.66027955018
Janice STFU,Drake,2355925,323963,237,7.272203924522245,2026-06-09,3.95,933551.6,137509.89526406827
Dreams - 2004 Remaster,Fleetwood Mac,29325520,2034977,257,14.410737811778707,2026-06-09,4.283333333333333,10222139.9,69392.6996008937
No One Noticed,The Marías,34596771,1625225,236,21.287373132950822,2026-06-09,3.933333333333333,11516688.8,46976.20480246552
House Tour,Sabrina Carpenter,14323194,812216,169,17.634710471106207,2026-06-09,2.816666666666667,4865509.4,56706.34636380684
Iris,The Goo Goo Dolls,32324024,2363532,289,13.676152470116758,2026-06-09,4.816666666666666,11351679.6,73119.98035888106
Roommates,Malcolm Todd,11068819,796756,214,13.892357258683964,2026-06-09,3.566666666666667,3878374.899999999,71982.0244598814
FYA,BTS,57943196,361396,180,160.33159193792957,2026-06-09,3.0,17635936.0,6237.073978452966
Flashing Lights,Kanye West,38072250,2254060,237,16.8905219914288,2026-06-09,3.95,12999517.0,59204.80139734321
Lemonade,aespa,1773060,144018,187,12.311377744448611,2026-06-09,3.1166666666666667,632730.6,81225.67764204257
Let Down,Radiohead,41716974,2555513,337,16.324305139516017,2026-06-09,5.616666666666666,14303951.3,61258.35013824349
Feel Good Inc.,Gorillaz,40741762,3298932,236,12.349985389210811,2026-06-09,3.933333333333333,14531781.0,80971.75571346178
Sweater Weather,The Neighbourhood,51019060,3008996,240,16.95550941244189,2026-06-09,4.0,17412015.2,58977.88003150195
they don’t know ’bout us,BTS,55071722,328020,164,167.8913541857204,2026-06-09,2.7333333333333334,16751130.6,5956.232855765796
"Lover, You Should've Come Over",Jeff Buckley,32886552,1676233,403,19.619320225768135,2026-06-09,6.716666666666667,11039328.7,50970.16555581747
Sienna,The Marías,21487849,1226801,224,17.515350085303158,2026-06-09,3.7333333333333334,7305115.4,57092.77834184333
hate that i made you love me,Ariana Grande,5656554,413693,197,13.6733133023764,2026-06-10,3.283333333333333,1986551.3,73135.16321067562
the cure,Olivia Rodrigo,5238884,493105,297,10.6242767767514,2026-06-10,4.95,1916838.7,94124.05390155614
Stateside + Zara Larsson,PinkPantheress,22679853,1320719,176,17.172353089491406,2026-06-10,2.933333333333333,7728459.199999999,58233.1375780963
Earrings,Malcolm Todd,11778496,885411,0,13.30285709122656,2026-06-10,0.0,4153336.5,75171.82159759616
drop dead,Olivia Rodrigo,10195568,673411,224,15.14018630524301,2026-06-10,3.7333333333333334,3530058.0999999996,66049.38538000041
Babydoll,Dominic Fike,27009520,1777273,98,15.19717004647007,2026-06-10,1.6333333333333333,9346947.1,65801.724725208
Billie Jean,Michael Jackson,27933409,3337043,294,8.3707069402462,2026-06-10,4.9,10715952.8,119464.2229310429
"I Knew It, I Knew You",Taylor Swift,1580682,185588,178,8.517156281656142,2026-06-10,2.966666666666667,604116.2,117410.07995283048
Chicago,Michael Jackson,13660868,1221226,245,11.186191581247042,2026-06-10,4.083333333333333,4953118.6,89395.93003899898
Beauty and a Beat,Justin Bieber,18152219,1809620,144,10.030956222853415,2026-06-10,2.4,6712399.7,99691.39310185712
Beat It,Michael Jackson,20482226,2734012,258,7.491637198373672,2026-06-10,4.3,8058476.199999999,133482.17132258962
Girl Like Me,PinkPantheress,10192796,734915,145,13.869353598715495,2026-06-10,2.4166666666666665,3572279.3,72101.41358661548
Fame Is a Gun,Addison Rae,21924498,1101190,227,19.909823009653195,2026-06-10,3.783333333333333,7348182.399999999,50226.4635660073
Mr. Brightside,The Killers,52237138,3728345,223,14.010811231256763,2026-06-10,3.716666666666667,18280982.9,71373.45464830022
NOBLE,F3miii,2393022,342464,185,6.987660016819286,2026-06-10,3.0833333333333335,957631.4,143109.42398356556
Dracula,Tame Impala,12600808,1180470,205,10.674399179987631,2026-06-10,3.4166666666666665,4606571.4,93682.08768834504
SWIM,BTS,228970623,469982,159,487.19019664582896,2026-06-10,2.65,69020174.3,2052.5864577832763
Dracula - JENNIE remix,Tame Impala,6177933,738480,209,8.36574179395515,2026-06-10,3.4833333333333334,2370315.9,119535.12606886476
Creep,Radiohead,61620999,4129418,235,14.922441612837453,2026-06-10,3.9166666666666665,21376892.299999997,67013.16218518301
The Less I Know the Better,Tame Impala,49717892,2822352,216,17.615765857695994,2026-06-10,3.6,16891014.0,56767.330360667744
505,Arctic Monkeys,59152799,3064762,305,19.300943760070112,2026-06-10,5.083333333333333,19891173.1,51810.93797438055
Manchild,Sabrina Carpenter,26824665,1307797,213,20.51133700413749,2026-06-10,3.55,8962857.4,48753.52590610171
Human Nature,Michael Jackson,9350170,1347354,246,6.939653572854647,2026-06-10,4.1,3748198.8,144099.41209625066
Midnight Sun,Zara Larsson,13732862,820273,189,16.74181888225018,2026-06-10,3.15,4694049.699999999,59730.66648452449
Body to Body,BTS,63517133,410967,189,154.5553122270158,2026-06-10,3.15,19342816.799999997,6470.175535158364
End of Beginning,Djo,35722373,2068727,159,17.26780430670649,2026-06-10,2.65,12164820.8,57911.24234663806
"Good Luck, Babe!",Chappell Roan,60962309,2109650,218,28.896882895266987,2026-06-10,3.6333333333333337,19765447.7,34605.80864809435
Don't Stop 'Til You Get Enough,Michael Jackson,9171083,1529118,238,5.997629352345601,2026-06-10,3.966666666666667,3821707.5,166732.54401906516
Hooligan,BTS,61295054,388460,182,157.78987283117954,2026-06-10,3.033333333333333,18660438.2,6337.542340691959
back to friends,sombr,26015049,1488299,144,17.4797194649731,2026-06-10,2.4,8846324.0,57209.156131130105
See You Again (feat. Kali Uchis),"Tyler, The Creator",58648666,2595672,180,22.594790867259036,2026-06-10,3.0,19411570.2,44257.988749479824
2.0,BTS,60649862,357421,169,169.68746100536902,2026-06-10,2.816666666666667,18445153.299999997,5893.187357953098
Sweet Boy,Malcolm Todd,11030691,779071,180,14.158775002535071,2026-06-10,3.0,3854557.0,70627.57899754422
The One That Got Away,Katy Perry,21485707,1935263,227,11.102215564499502,2026-06-10,3.783333333333333,7800396.199999999,90072.11166009106
Lovers Rock,TV Girl,51300824,2215564,213,23.15474705312056,2026-06-10,3.55,16941142.0,43187.688369294025
No One Noticed,The Marías,34628975,1626476,236,21.290799864246384,2026-06-10,3.933333333333333,11527225.7,46968.644032923294
Dreams - 2004 Remaster,Fleetwood Mac,29348971,2036264,257,14.413146330731182,2026-06-10,4.283333333333333,10230076.099999998,69381.10368503208
House Tour,Sabrina Carpenter,14354482,813345,169,17.64870012110482,2026-06-10,2.816666666666667,4875686.1,56661.39676792238
Janice STFU,Drake,2415139,327422,237,7.376227009791645,2026-06-10,3.95,953737.1,135570.6648768456
Roommates,Malcolm Todd,11102239,798636,214,13.901500808879138,2026-06-10,3.566666666666667,3889716.899999999,71934.67912193207
Iris,The Goo Goo Dolls,32349312,2364816,289,13.679420301621777,2026-06-10,4.816666666666666,11360164.8,73102.51296843655
Into You,Ariana Grande,27954594,1742183,244,16.045727687619497,2026-06-10,4.066666666666666,9605906.3,62321.88526866103
Flashing Lights,Kanye West,38097010,2255226,237,16.892768174896883,2026-06-10,3.95,13007761.2,59196.92910283511
FYA,BTS,58546922,361850,180,161.79887246096447,2026-06-10,3.0,17817371.599999998,6180.512785966784
Let Down,Radiohead,41749606,2556742,337,16.32922132933241,2026-06-10,5.616666666666666,14314601.2,61239.9072700231
Sweater Weather,The Neighbourhood,51043610,3010152,240,16.957153658685673,2026-06-10,4.0,17420189.4,58972.16125583594
Lemonade,aespa,1878351,149740,187,12.544083077334044,2026-06-10,3.1166666666666667,668323.2999999999,79718.8597871218
Sienna,The Marías,21517643,1228030,224,17.522082522413946,2026-06-10,3.7333333333333334,7314913.899999999,57070.841820361085
Feel Good Inc.,Gorillaz,40762971,3300158,236,12.35182406418117,2026-06-10,3.933333333333333,14539001.9,80959.70237301888
Bags,Clairo,35784718,1581889,260,22.6215101059556,2026-06-10,4.333333333333333,11842737.7,44205.71373512011
hate that i made you love me,Ariana Grande,5944120,428907,197,13.858761922747822,2026-06-11,3.283333333333333,2083470.9,72156.51770152689
the cure,Olivia Rodrigo,5411013,501813,297,10.782927106312512,2026-06-11,4.95,1974573.0,92739.19689344676
Earrings,Malcolm Todd,11870346,891477,0,13.315369886155224,2026-06-11,0.0,4185137.7,75101.18070694823
Stateside + Zara Larsson,PinkPantheress,22742973,1322820,176,17.192794938086813,2026-06-11,2.933333333333333,7748865.899999999,58163.89968013417
drop dead,Olivia Rodrigo,10287592,676371,224,15.209983869799268,2026-06-11,3.7333333333333334,3559737.3,65746.2893162948
"I Knew It, I Knew You",Taylor Swift,1737753,195965,178,8.867670247238028,2026-06-11,2.966666666666667,658501.3999999999,112769.19101851645
Babydoll,Dominic Fike,27053651,1779770,99,15.200644465296078,2026-06-11,1.65,9361934.3,65786.68439243193
Billie Jean,Michael Jackson,27974644,3339566,294,8.37673038951768,2026-06-11,4.9,10730089.4,119378.31988138972
Chicago,Michael Jackson,13717277,1225033,245,11.19747549657846,2026-06-11,4.083333333333333,4972706.199999999,89305.84400971126
Beauty and a Beat,Justin Bieber,18187334,1811646,144,10.039121329442947,2026-06-11,2.4,6724352.4,99610.31121988525
Beat It,Michael Jackson,20520170,2736550,258,7.498554749593466,2026-06-11,4.3,8071636.0,133359.0316259563
Girl Like Me,PinkPantheress,10243622,737884,145,13.88242867442579,2026-06-11,2.4166666666666665,3589605.4,72033.50533629609
Fame Is a Gun,Addison Rae,21959091,1102266,227,19.921771151428057,2026-06-11,3.783333333333333,7359313.5,50196.34009440555
Mr. Brightside,The Killers,52265924,3729562,223,14.013957671168892,2026-06-11,3.716666666666667,18290470.6,71357.42974715227
Dracula,Tame Impala,12634131,1182632,205,10.68306201760142,2026-06-11,3.4166666666666665,4618081.699999999,93606.12138658368
SWIM,BTS,231406442,470958,159,491.35260893752735,2026-06-11,2.65,69751603.19999999,2035.19831137631
NOBLE,F3miii,2431197,348280,185,6.980581715860802,2026-06-11,3.0833333333333335,973155.1,143254.53675699665
The Less I Know the Better,Tame Impala,49746900,2823633,216,17.618047387886456,2026-06-11,3.6,16900613.1,56759.97901376769
Dracula - JENNIE remix,Tame Impala,6212837,740978,209,8.384644348415202,2026-06-11,3.4833333333333334,2382535.6999999997,119265.6430548556
505,Arctic Monkeys,59182004,3065861,305,19.303550943764247,2026-06-11,5.083333333333333,19900703.9,51803.940265354984
Creep,Radiohead,61653074,4130566,235,14.92605952791942,2026-06-11,3.9166666666666665,21387318.4,66996.91892086354
Manchild,Sabrina Carpenter,26858537,1308650,213,20.523850532992014,2026-06-11,3.55,8973616.1,48723.800555480746
"Good Luck, Babe!",Chappell Roan,60989975,2110444,218,28.899120279903187,2026-06-11,3.6333333333333337,19774303.3,34603.12944873317
Human Nature,Michael Jackson,9386917,1350917,246,6.948551983578562,2026-06-11,4.1,3761717.0,143914.876417891
Body to Body,BTS,64165606,411489,189,155.9351671612121,2026-06-11,3.15,19537724.1,6412.921589176606
Midnight Sun,Zara Larsson,13763040,821715,189,16.749164856428322,2026-06-11,3.15,4704112.5,59704.46936142015
End of Beginning,Djo,35748931,2070022,159,17.26983143174324,2026-06-11,2.65,12173694.7,57904.4447510892
back to friends,sombr,26047075,1489827,144,17.483288328107893,2026-06-11,2.4,8857001.4,57197.478027763194
See You Again (feat. Kali Uchis),"Tyler, The Creator",58680295,2596714,180,22.597904505463443,2026-06-11,3.0,19421788.3,44251.890690051914
Hooligan,BTS,61937841,389062,182,159.19786820609568,2026-06-11,3.033333333333333,18853695.7,6281.491148520982
Don't Stop 'Til You Get Enough,Michael Jackson,9200241,1531979,238,6.005461563115421,2026-06-11,3.966666666666667,3832457.6,166515.09455024058
Sweet Boy,Malcolm Todd,11064703,781217,180,14.163418102780662,2026-06-11,3.0,3866262.8,70604.4256226308
2.0,BTS,61283524,357999,169,171.18350609917906,2026-06-11,2.816666666666667,18635656.5,5841.6843000085955
Lovers Rock,TV Girl,51328151,2216660,213,23.15562648308717,2026-06-11,3.55,16950107.299999997,43186.04813954822
The One That Got Away,Katy Perry,21521686,1937483,227,11.10806443204921,2026-06-11,3.783333333333333,7812743.899999999,90024.68486902001
Into You,Ariana Grande,27990263,1743620,244,16.052960507450017,2026-06-11,4.066666666666666,9617612.9,62293.805528015226
No One Noticed,The Marías,34660463,1627623,236,21.29514205685223,2026-06-11,3.933333333333333,11537475.0,46959.06687686197
Dreams - 2004 Remaster,Fleetwood Mac,29371472,2037400,257,14.416153921664868,2026-06-11,4.283333333333333,10237621.6,69366.62895206615
House Tour,Sabrina Carpenter,14384539,814402,169,17.662700975685226,2026-06-11,2.816666666666667,4885443.1,56616.482460786545
Roommates,Malcolm Todd,11136344,800461,214,13.912412972024873,2026-06-11,3.566666666666667,3901225.899999999,71878.25735268235
Janice STFU,Drake,2472050,330602,237,7.47741997931047,2026-06-11,3.95,973036.4,133735.9681236221
Flashing Lights,Kanye West,38121784,2256351,237,16.895325239734422,2026-06-11,3.95,13015980.9,59187.96979700635
Iris,The Goo Goo Dolls,32373867,2366131,289,13.682195533552454,2026-06-11,4.816666666666666,11368451.8,73087.68519991759
Sienna,The Marías,21546859,1229254,224,17.52840259214125,2026-06-11,3.7333333333333334,7324535.5,57050.26426357549
Sweater Weather,The Neighbourhood,51068372,3011306,240,16.958878307285943,2026-06-11,4.0,17428425.8,58966.164028099425
FYA,BTS,59154842,362328,180,163.2632366253781,2026-06-11,3.0,18000082.2,6125.077639460182
Let Down,Radiohead,41781492,2557873,337,16.334466957507274,2026-06-11,5.616666666666666,14324958.7,61220.24077072212
Duvet,bôa,41919419,2035906,203,20.590056220670306,2026-06-11,3.3833333333333333,14000959.9,48567.13305115226
Feel Good Inc.,Gorillaz,40784141,3301272,236,12.354068674135304,2026-06-11,3.933333333333333,14546132.7,80944.99280982773
Lemonade,aespa,1975960,154655,187,12.776567197956744,2026-06-11,3.1166666666666667,701046.5,78268.28478309278
the cure,Olivia Rodrigo,10481844,734499,297,14.270739647024707,2026-07-04,4.95,3658702.4999999995,70073.45272453969
stupid song,Olivia Rodrigo,6484628,612820,209,10.581619398844685,2026-07-04,3.4833333333333334,2374362.4,94503.49349261053
drop dead,Olivia Rodrigo,14340915,840637,225,17.05958100821163,2026-07-04,3.75,4890720.4,58618.0867817709
Earrings,Malcolm Todd,13677931,1015148,0,13.473829431767584,2026-07-04,0.0,4813982.899999999,74217.95006861784
honeybee,Olivia Rodrigo,4595190,552038,223,8.324046533028524,2026-07-04,3.716666666666667,1764983.6,120133.87912142914
expectations,Olivia Rodrigo,4340110,475830,221,9.121135699724691,2026-07-04,3.683333333333333,1635114.0,109635.47006873098
my way,Olivia Rodrigo,4410767,507598,180,8.68948853226372,2026-07-04,3.0,1678548.6999999997,115081.57198056483
maggots for brains,Olivia Rodrigo,4640574,512410,240,9.05636892332312,2026-07-04,4.0,1750859.2,110419.52999779768
hate that i made you love me,Ariana Grande,9917161,621602,197,15.954197380317309,2026-07-04,3.283333333333333,3410269.6999999997,62679.43013126438
Stateside + Zara Larsson,PinkPantheress,24021723,1366978,176,17.57286730291197,2026-07-04,2.933333333333333,8163401.499999999,56905.9097051448
u + me = <3,Olivia Rodrigo,3948558,501973,247,7.866076462279843,2026-07-04,4.116666666666666,1535948.5,127128.1819844105
what’s wrong with me,Olivia Rodrigo,3782624,451762,224,8.37304598439001,2026-07-04,3.7333333333333334,1451020.5999999999,119430.85011885929
begged,Olivia Rodrigo,3543854,467013,217,7.588341223905973,2026-07-04,3.6166666666666667,1390065.2999999998,131781.10610651565
less,Olivia Rodrigo,3445322,455342,193,7.566448954851518,2026-07-04,3.216666666666667,1352336.0,132162.39294904802
purple,Olivia Rodrigo,3233838,452097,240,7.15297380871804,2026-07-04,4.0,1286619.2999999998,139801.99379189682
cigarette smoke,Olivia Rodrigo,3049613,419079,340,7.276940624560047,2026-07-04,5.666666666666667,1208239.2,137420.3874393243
Babydoll,Dominic Fike,27938821,1825743,98,15.302712922903169,2026-07-04,1.6333333333333333,9659666.4,65347.88994854149
Lost Boys,Phoebe Bridgers,676196,156594,254,4.318147566317994,2026-07-04,4.233333333333333,312474.6,231580.78426964962
Beauty and a Beat,Justin Bieber,18924658,1854778,144,10.20319305059689,2026-07-04,2.4,6975741.999999999,98008.53468527674
Wink Wink,Charli xcx,778033,153500,132,5.068618892508144,2026-07-04,2.2,340859.9,197292.40276440716
ICONIC BY MISTAKE,LE SSERAFIM,2389693,260007,177,9.190879476321792,2026-07-04,2.95,898912.8,108803.51576541422
Fame Is a Gun,Addison Rae,22733018,1129872,227,20.119994123228118,2026-07-04,3.783333333333333,7610815.799999999,49701.80378161844
Billie Jean,Michael Jackson,28796717,3391270,294,8.49142563110575,2026-07-04,4.9,11012904.1,117765.85504521227
Chicago,Michael Jackson,14736657,1291967,245,11.406372608588299,2026-07-04,4.083333333333333,5325374.0,87670.29048718444
Girl Like Me,PinkPantheress,11206185,791988,145,14.149437870270761,2026-07-04,2.4166666666666665,3916247.1,70674.18572868465
Mr. Brightside,The Killers,52921463,3758676,223,14.079815073180024,2026-07-04,3.716666666666667,18507512.099999998,71023.6600979833
Into You,Ariana Grande,28666971,1775873,244,16.142466831806104,2026-07-04,4.066666666666666,9843202.399999999,61948.400478027484
The Less I Know the Better,Tame Impala,50353702,2850454,216,17.665151586378872,2026-07-04,3.6,17101428.4,56608.62829906726
Creep,Radiohead,62331265,4157608,235,14.992097619592805,2026-07-04,3.9166666666666665,21609705.1,66701.80687011566
505,Arctic Monkeys,59815786,3091038,305,19.351358993321984,2026-07-04,5.083333333333333,20108462.400000002,51675.95724647002
back to friends,sombr,26710402,1521324,144,17.557339527937508,2026-07-04,2.4,9078047.4,56956.23749878418
"Good Luck, Babe!",Chappell Roan,61577823,2128184,218,28.93444504798457,2026-07-04,3.6333333333333333,19963075.7,34560.88403774846
The One That Got Away,Katy Perry,22277850,1986030,227,11.21727768462712,2026-07-04,3.783333333333333,8073576.0,89148.18979389842
Midnight Sun,Zara Larsson,14428896,860160,189,16.77466517857143,2026-07-04,3.15,4930780.8,59613.7084916268
See You Again (feat. Kali Uchis),"Tyler, The Creator",59308946,2619630,180,22.640199570168306,2026-07-04,3.0,19626424.8,44169.221958522074
Bags,Clairo,36403206,1611967,260,22.583096304080666,2026-07-04,4.333333333333333,12049338.7,44280.90756621821
SWIM,BTS,276066764,489835,159,563.5913399410006,2026-07-04,2.65,83162913.7,1774.3352836200158
Manchild,Sabrina Carpenter,27548397,1328738,213,20.732753183848132,2026-07-04,3.55,9194635.7,48232.86088116125
Is it cool? (feat. SZA),Steve Lacy,390132,124973,174,3.1217302937434486,2026-07-04,2.9,204520.69999999998,320335.1686095988
Dracula,Tame Impala,13304726,1224003,205,10.869847541223347,2026-07-04,3.4166666666666665,4848219.899999999,91997.61047315066
Beat It,Michael Jackson,21201864,2786822,258,7.6079003251732615,2026-07-04,4.3,8311334.6,131442.31092134162
Dreams - 2004 Remaster,Fleetwood Mac,29860305,2062800,257,14.475618091913903,2026-07-04,4.283333333333333,10402051.5,69081.67883750684
Body to Body,BTS,76068687,422116,189,180.20801627988516,2026-07-04,3.15,23116087.299999997,5549.142710981721
End of Beginning,Djo,36293139,2095054,159,17.323247515338508,2026-07-04,2.65,12354479.5,57725.89689748247
Sweet Boy,Malcolm Todd,11742078,822481,180,14.276412464239295,2026-07-04,3.0,4098360.0999999996,70045.60862225578
Lovers Rock,TV Girl,51904386,2238828,213,23.18373095208743,2026-07-04,3.55,17138495.4,43133.695869169904
Iris,The Goo Goo Dolls,32905110,2393838,289,13.745754725257097,2026-07-04,4.816666666666666,11547219.6,72749.73400787901
"Lover, You Should've Come Over",Jeff Buckley,33601905,1701064,403,19.753463126607816,2026-07-04,6.716666666666667,11271316.3,50624.034559945336
Hooligan,BTS,73810876,401069,182,184.03535551239312,2026-07-04,3.033333333333333,22424011.1,5433.738518426471
Dracula - JENNIE remix,Tame Impala,6890222,788921,209,8.733728725689899,2026-07-04,3.4833333333333334,2619311.3,114498.63299034486
